e_code,status,name_ru,name_en,note
E370,halal,гептонолактон,"1,4-heptonolactone",
,halal,2-гидроксибифенил,2-hydroxybiphenyl,
,halal,4-гексилрезорцинол,4-hexylresorcinol,
E414,halal,гуммиарабик,acacia gum (gum arabic),
,halal,ацесульфам калия,acesulfame potassium,
E260,halal,уксусная кислота,acetic acid,
,halal,ацетон,acetone,
,halal,ацетилированный дикрахмадипат,acetylated distarch adipate,
,haram,ацетилированный дикрахмал глицерин,acetylated distarch glycerol,
E1422,halal,ацетилированный дикрахмалфосфат,acetylated distarch phosphate,
E1451,halal,ацетилированный окисленный крахмал,acetylated oxidised starch,
E1420,halal,ацетилированный крахмал,acetylated starch,
,haram,глицериновые эфиры ацетилвинной кислоты,acetyltartaric acid glycerol esters,
,haram,кислотный казеин,acid casein,
E1401,halal,крахмал обработанный кислотой,acid-treated starch,
,haram,аденозин 5'-монофосфат,adenosine 5- monophosphate,
,haram,аденозинмонофосфат,adenosine monophosphate,
E355,halal,адипиновая кислота,adipic acid,
E406,halal,агар,agar,
,halal,альбумин,albumin,
,haram,алкоголь,alcohol,
,haram,алкоголь как растворитель для придания аромата,alcohol as solvent in flavour,
,haram,алкоголь в сухой форме в качестве ингредиента,alcohol in dry form used as ingredient,
E400,halal,альгиновая кислота,alginic acid,
E966,halal,лактит,alitame,
,halal,щелочной модифицированный крахмал,alkaline modified starch,
,halal,душистый перец,allspice,
,halal,аллура красный переменный ток,allura red ac,
E160A,halal,альфа бета гамма каротины,alpha-carotene beta-carotene gamma-carotene,
E307,halal,синтетический альфа-токоферол,alpha-tocopherol (synthetic),
,halal,квасцы,alum,
E173,halal,алюминий,aluminium,
E523,halal,сульфат алюминия-аммония,aluminium ammonium sulphate,
,halal,силикат алюминия-кальция,aluminium calcium silicate,
E522,halal,сульфат алюминия-калия,aluminium potassium sulphate,
E559,halal,алюмосиликат (каолин),aluminium silicate (kaolin),
,halal,силикат алюминия-натрия,aluminium sodium silicate,
E521,halal,сульфат алюминия-натрия,aluminium sodium sulphate,
E520,halal,сульфат алюминия,aluminium sulphate,
,halal,амарант,amaranth,
E440B,halal,амидированный пектин,amidated pectin,
,halal,аммиачная карамель,ammonia caramel,
,halal,аммоний (бикарбонат карбонат хлорид сульфат),ammonium (bicarbonate carbonate chloride sulfate),
E264,halal,ацетат аммония,ammonium acetate,
E403,halal,альгинат аммония,ammonium alginate,
,halal,бикарбонат аммония,ammonium bicarbonate,
E503,halal,карбонат аммония,ammonium carbonate,
E510,halal,хлорид аммония,ammonium chloride,
E381,halal,железо-аммонийный цитрат,ammonium ferric citrate,
E527,halal,гидроксид аммония,ammonium hydroxide,
,halal,персульфат аммония,ammonium persulphate,
E442,halal,фосфатида аммонийные соли,ammonium phosphatides,
E545,halal,полифосфат аммония,ammonium polyphosphate,
,halal,полифосфаты аммония,ammonium polyphosphates,
E517,halal,сульфат аммония,ammonium sulphate,
,halal,амилаза,amylase,
,halal,альфа-амилаза,amylase (alpha),
,halal,амилаза (бета),amylase (beta),
,halal,анис,anise,
,halal,анисовое семя,aniseed,
,halal,аннатто,annatto,
E160B,halal,аннато биксин норбиксин,annatto bixin norbixin,
E163,halal,антоцианы,anthocyanins,
E306,halal,антиоксидант - витамин е,antioxidants - vitamin e,
,halal,антиперсипирант,antipersipirant,
,halal,яблочный уксус,apple cider vinegar,
,halal,вода,aqua,
E938,halal,аргон,argon,
,halal,арроурут,arrowroot,
,haram,искусственные цвета,artificial colors,
,mushbooh,искусственные красители,artificial colours,
,mushbooh,искусственные ароматизаторы,artificial flavours,
,halal,аскорбиновая кислота,ascorbic acid,
E300,halal,аскорбиновая кислота (витамин с),ascorbic acid (vitamin c),
E304,halal,аскорбилпальмитат,ascorbyl palmitate,
E951,halal,аспартам,aspartame,
,halal,астаксантин,astaxanthin,
,halal,азодикарбонамид,azodicarbonamide,
,haram,бекон,bacon,
,haram,кусочки бекона,bacon bits,
,halal,пекарские дрожжи,bakers yeast,
,halal,экстракт пекарских дрожжей,bakers yeast extract,
,halal,разрыхлитель теста,baking powder,
,halal,пищевая сода,baking soda,
,haram,бальзамический уксус,balsamic vinegar,
,halal,базилик,basil,
,halal,лавровый лист,bay leaves,
,haram,пиво,beer,
,haram,тесто для пива,beer batters,
,haram,вкус пива,beer flavor,
,haram,ароматизатор пива,beer flavour,
E901,halal,пчелиный воск,beeswax,
,halal,свекла красная,beetroot red,
E162,halal,свекольный красный бетанин,beetroot red betanin,
,haram,бегениловый спирт,behenyl alcohol,
E558,halal,бентонит,bentonite,
,halal,бензальдегид,benzaldehyde,
E210,halal,бензойная кислота,benzoic acid,
,halal,бензоилпероксид,benzoyl peroxide,
,halal,бензиловый спирт,benzyl alcohol,
E160E,halal,каротиновый альдегид,beta-apo-8'-carotenal,
,halal,бета-апо-8-каротин,beta-apo-8-carotenal,
,mushbooh,бета-каротин,beta-carotene,
E459,halal,бета-циклодекстрин,beta-cyclodextrin,
,halal,бетанин,betanin,
,mushbooh,бутилоксианизол или бутилгидрокситолуол,bha or bht,
Е230,halal,бифенил дифенил,biphenyl diphenyl,
,haram,биксин,bixin,
,halal,порошок черного перца,black pepper powder,
,halal,черный пн / блестящий черный bn,black pn / brilliant black bn,
E151,halal,черный блестящий bn,black pn/brillliant black pn,
,halal,отбеленная мука,bleached flour,
,halal,отбеленный крахмал,bleached starch,
E284,halal,борная кислота,boric acid,
,halal,отруби,bran,
,haram,пивные дрожжи,brewers yeast,
,haram,экстракт пивных дрожжей,brewers yeast extract,
,halal,блестящий синий fcf,brilliant blue fcf,
E154,halal,коричневый fk,brown fk,
E155,halal,коричневый ht,brown ht,
,halal,булгур,bulgur wheat,
E943A,halal,бутан,butane,
,mushbooh,липолизированный молочный жир,butter fat lipolyzed,
,mushbooh,сухие кисломолочные продукты,buttermilk solids,
E320,halal,бутилгидроксианизол,butylated hydroxyanisole (bha),
E321,halal,бутилгидрокситолуол,butylated hydroxytoluene (bht),
,halal,кофеин,caffeine,
,haram,кальциферол,calciferol,
,halal,кальций (карбонат хлорид цитрат сорбат сульфат),calcium (carbonate chloride citrate sorbate sulfate),
E634,mushbooh,5-рибонуклеотиды кальция,calcium 5'-ribonucleotides,
E263,halal,ацетат кальция,calcium acetate,
E404,halal,альгинат кальция,calcium alginate,
E556,halal,алюмосиликат кальция,calcium aluminium silicate,
E302,halal,аскорбат кальция,calcium ascorbate,
Е213,halal,бензоат кальция,calcium benzoate,
,halal,карбонат кальция,calcium carbonate,
E170,halal,карбонаты кальция,calcium carbonate chalk,
E509,halal,хлорид кальция,calcium chloride,
,halal,цитрат кальция,calcium citrate,
E333,halal,цитраты кальция,calcium citrates,
,halal,цикламат кальция,calcium cyclamate,
E623,halal,диглутамат кальция,calcium diglutamate,
E385,halal,этилендиаминтетраацетат кальция-натрия,calcium disodium edta,
E538,halal,ферроцианид кальция,calcium ferrocyanide,
,halal,формиат кальция,calcium formate,
,halal,фумарат кальция,calcium fumarate,
E578,halal,глюконат кальция,calcium gluconate,
,halal,глутамат кальция,calcium glutamate,
E629,halal,5-гуанилат кальция,calcium guanylate,
,halal,ортофосфат кальция гидрогенизированный,calcium hydrogen orthophosphate,
Е227,halal,гидросульфит кальция,calcium hydrogen sulphite,
E526,halal,гидроксид кальция,calcium hydroxide,
E633,mushbooh,5-инозинат кальция,calcium inosinate,
E327,halal,лактат кальция,calcium lactate,
E352,halal,малат кальция,calcium malate,
E529,halal,оксид кальция,calcium oxide,
,halal,перекись кальция,calcium peroxide,
E341,halal,фосфаты кальция,calcium phosphates,
E544,halal,полифосфат кальция,calcium polyphosphate,
,halal,полифосфаты кальция,calcium polyphosphates,
E282,halal,пропионат кальция,calcium propionate,
E552,halal,силикат кальция,calcium silicate,
,halal,полифосфат кальция-натрия,calcium sodium polyphosphate,
Е203,halal,сорбат кальция,calcium sorbate,
,mushbooh,стеарат кальция,calcium stearate,
,mushbooh,стеароил-лактилат кальция,calcium stearoyl lactylate,
E482,mushbooh,стеароил-2-лактилат кальция,calcium stearoyl-2-lactylate,
E516,halal,сульфат кальция,calcium sulphate,
Е226,halal,сульфит кальция,calcium sulphite,
E354,haram,тартрат кальция,calcium tartrate,
,halal,кальций-1-аскорбат,calcium-l-ascorbate,
E902,halal,воск карнаубский,candelilla wax,
,halal,масло канолы,canola oil,
,halal,канола или масло канолы,canola or canola oil,
E161G,halal,кантаксантин,canthaxanthin,
,halal,капсантин / капсорбин,capsanthin / capsorbin,
E160C,halal,капсантин капсорубин,capsanthin capsorubin,
,halal,карамель,caramel,
E150 (A-D),halal,сахарный колер с химическими добавками,caramel colour/with chemicals,
,halal,тмин,caraway,
E927B,halal,карбамид,carbamide,
,halal,технический углерод (углеводород),carbon black (hydrocarbon),
,haram,углеродная сажа / растительный углерод (древесный уголь),carbon black / vegetable carbon (charcoal),
E153,halal,уголь растительный,carbon black/vegetable carbon,
E290,halal,диоксид углерода,carbon dioxide,
E466,halal,карбоксиметилцеллюлоза,carboxymethyl cellulose sodium carboxymethyl cellulose,
,halal,карбоксиметилцеллюлоза натриевая соль,"carboxymethylcellulose, sodium salt",
,halal,кардамон,cardamom,
,haram,карминный цвет,carmine color,
,haram,карминовая кислота,carminic acid,
,halal,кармоизин/азорубин,carmoisine / azorubine,
E903,halal,воск свечной,carnauba wax,
,halal,рожковое дерево,carob,
,halal,порошок рожкового дерева,carob powder,
E407,halal,каррагенан,carrageenan,
,halal,морковная олеорезин,carrot oleoresin,
,halal,масло семян моркови,carrot seed oil,
,haram,казеинаты,caseinates,
,halal,каустическая сульфитная карамель,caustic sulphite caramel,
,haram,цетиловый спирт,cetyl alcohol,
,haram,сырный порошок,cheese powder,
,halal,корень цикория или корневой цикорий,chicory root or root chicory,
,halal,чеснок,chives,
E925,halal,хлор,chlorine,
E926,halal,диоксид хлора,chlorine dioxide,
E140,halal,хлорофилл,chlorophyll,
,halal,шоколадный ликер,chocolate liquour,
,haram,желчная кислота,cholic acid,
E103,halal,алканет,chrysoine resorcinol,
,halal,корица,cinnamon,
,halal,порошок корицы,cinnamon powder,
,halal,цитранаксантин,citranaxanthin,
E330,halal,лимонная кислота,citric acid,
,haram,цитроглицериды,citroglycerides,
,halal,цитрусовое масло,citrus oil,
,halal,гвоздика,clove,
,halal,гвоздичный порошок,clove powder,
E120,haram,кошениль/карминовая кислота,cochineal/carminic acid,
,halal,масло какао,cocoa butter,
,halal,какао тертое,cocoa liqour,
,halal,какао-порошок,cocoa powder,
,halal,кокос,coconut,
E100,halal,краситель,colouring,
,mushbooh,кондитерская глазурь,confectionary glaze,необходимо проверять наличие шеллака и спирта в составе
,halal,сульфат меди (ii),copper (ii) sulphate,
,halal,медный комплекс хлорофилла,copper complex of chlorophyll,
E141,halal,медные комплексы хлорофиллов,copper complexes of chlorophylls,
,halal,кориандр,coriander,
,halal,кукуруза,corn,
,halal,кукурузные отруби,corn bran,
,halal,кукурузная мука или кукурузная мука,corn flour or cornmeal,
,halal,кукурузная клейковина или кукурузный белок,corn gluten meal or corn protein,
,halal,кукурузная мука,corn meal,
,halal,кукурузное масло,corn oil,
,halal,кукурузный крахмал,corn starch,
,halal,кукурузный сироп,corn syrup,
,halal,сухие вещества кукурузного сиропа,corn syrup solids,
,halal,коровье молоко,cows milk,
,halal,клюква,cranberry,
,halal,крем,cream,
,halal,тартарный крем,cream of tarter,
,halal,сшитый натрий,crosslinked sodium,
E468,halal,карбоксиметилцеллюлозы натриевая соль трехмерная,crosslinked sodium carboxymethyl cellulose,
E161C,halal,криптоксантин,cryptoxanthin,
,halal,культура,culture,
,halal,сироп из культивированной кукурузы твердый,cultured corn syrup solid,
,haram,кисломолочные сливки липолизированные,cultured cream lipolyzed,
,halal,кисломолочное молоко,cultured milk,
,halal,мука из культивированной пшеницы,cultured wheat flour,
,halal,куркумин/куркума,curcumin/turmeric,
,halal,порошок карри,curry powder,
,haram,цианокобаламин,cyanocobalamin,
,halal,циклометикон,cyclomethicone,
,halal,циламиновая кислота,cylamic acid,
,haram,цитиден-5-монофосфат,cytidene 5 monophosphate,
,haram,датам,datem,
E309,halal,синтетический дельта - токоферол,delta-tocopherol (synthetic),
E1400,halal,декстрин,dextrin,
,halal,декстроза,dextrose,
,haram,диацетилтартратный эфир моноглицеридов,di- acetyl tartrate ester of monoglycerides,
,haram,диацетат,diacetate,
E540,halal,дикальция дифосфат,dicalcium diphosphate,
,halal,дикальций ферроцианид,dicalcium ferrocyanide,
,halal,дикальцийфосфат,dicalcium phosphate,
E940,halal,дихлордифторметан,dichlorodifluoromethane,
,haram,диглицерид,diglyceride,
,halal,укроп,dill,
E242,halal,диметилдикарбонат,dimethyl dicarbonate,
E900,halal,диметилполисилоксан,dimethyl polysiloxane,
E628,halal,5-гуанилат калия двузамещенный,dipotassium guanylate,
,halal,дикалия гидроортофосфат,dipotassium hydrogen orthophosphate,
E632,mushbooh,инозинат калия двузамещенный,dipotassium inosinate,
,halal,дикалийфосфат,dipotassium phosphate,
E635,mushbooh,5-рибонуклеотиды натрия двузамещенные,disodium 5'-ribonucleotides,
,halal,цитрат динатрия,disodium citrate,
,haram,динатрия гуанозин-5-монофосфат,disodium guanosine 5 monophosphate,
,halal,гуанилат динатрия,disodium guanylate,
,halal,динатрий гидроортофосфат,disodium hydrogen orthophosphate,
E631,mushbooh,инозинат натрия двузамещенный,disodium inosinate,
,haram,динатрий уридин-5-монофосфат,disodium uridine 5 monophosphate,
,haram,дикрахмал глицерин,distarch glycerine,
E1412,halal,дикрахмалфосфат,distarch phosphate,
,halal,длетоналамин,dlethonalamine,
,haram,докозанол,docosanol,
E312,halal,додецилгаллат,dodecyl gallate,
,halal,мука твердых сортов,durum flour,
,halal,мука из твердых сортов пшеницы,durum wheat flour,
E542,mushbooh,костный фосфат,edible bone phosphate (bone-meal),
,halal,пищевое растительное масло,edible vegetable oil,
,halal,этилендиаминтетрауксусная кислота,edta,
,halal,яйца,eggs,
,mushbooh,эмульгатор,emulsifier yn,
,halal,обогащенная мука,enriched flour,
,mushbooh,модифицированный ферментами лецитин,enzyme modified lecithin,
,mushbooh,модифицированный ферментами соевый лецитин,enzyme modified soya lecithin,
,haram,крахмал обработанный ферментами,enzyme treated starch,
,halal,ферменты используемые в хлебобулочных изделиях,enzymes used in bakery products,
,haram,ферменты используемые в сырах или молочных продуктах,enzymes used in cheeses or dairy products,
,halal,ферментативно гидролизованная карбоксиметилцеллюлоза,enzymetically hydrolysed carboxymethyl cellulose,
E469,halal,гидролизуемая под действием ферментнов карбоксиметилцеллюлоза,enzymically hydrolysed carboxymethylcellulose,
E315,halal,эриторбовая кислота,erythorbic acid,
,halal,эриторбиновая кислота,erythorbin acid,
,haram,эритрит,erythritol,
,halal,эритрозин,erythrosine bs,
,halal,эфирные масла,essential oils,
,haram,эфиры канифоли,esters of colophony,
,haram,этанол,ethanol,
,mushbooh,этоксилированные моно- и диглицериды,ethoxylated mono- and diglycerides,
Е214,halal,пара-гидроксибензойной кислоты этиловый эфир,ethyl 4- hydroxybenzoate,
,halal,этил-4-гидроксибензоат,ethyl 4-hydroxybenzoate,
,haram,этиловый спирт или этанол,ethyl alcohol or ethanol,
,halal,этилцеллюлоза,ethyl cellulose,
,halal,этиловый эфир бета-апо-8-картоновой кислоты,ethyl ester of beta-apo- 8-cartonoic acid,
E160F,halal,этиловый эфир каротиновой кислоты,ethyl ester of beta-apo-8'-carotenic acid,
E467,halal,этилгидроксиэтилцеллюлоза,ethyl hydroxyethyl cellulose,
E637,halal,этилмальтол,ethyl maltol,
E465,halal,этилметилцеллюлоза,ethyl methyl cellulose,
,halal,этилванилин,ethylvanillin,
,halal,фарина,farina,
,halal,быстрый зеленый,fast green fcf,
E105,halal,желтый прочный,fast yellow ab,
,halal,фенхель,fennel,
,halal,пажитник,fenugreek,
,haram,ферментированный сидр,fermented cider,
,halal,оксид железа,ferric oxide,
,halal,глюконат железа,ferrous gluconate,
E585,halal,лактат железа,ferrous lactate,
,halal,сульфат железа,ferrous sulphate,
,halal,рыбный желатин,fish gelatin,
E161A,halal,флавоксантин,flavoxanthin,
,halal,мука,flour,
,haram,фолиевая кислота,folic acid,
,halal,формальдегид,formaldehyde,
,halal,муравьиная кислота,formic acid,
,halal,фруктоза,fructose,
E297,halal,фумаровая кислота,fumaric acid,
E308,halal,синтетический гамма-токоферол,gamma-tocopherol (synthetic),
,halal,чесночный порошок,garlic powder,
E441,mushbooh,желатин,gelatin,
E418,halal,геллановая камедь,gellan gum,
,halal,гатти жвачка,ghatti gum,
,halal,имбирь,ginger,
E574,halal,глюконовая кислота,gluconic acid,
E575,halal,глюконо-дельта-лактон,glucono delta-lactone,
E620,halal,глутаминовая кислота,glutamic acid,
,halal,глютен,gluten,
E422,mushbooh,глицерин,glycerol,
,haram,сложный эфир глицерина,glycerol ester,
,haram,глицериновые эфиры древесной канифоли,glycerol esters of wood rosin,
E445,mushbooh,эфиры глицерина и смоляных кислот,glycerol esters of wood rosins,
,haram,моностеарат глицерина,glycerol monostearate,
,haram,глицерил триацетат,glyceryl triacetate,
E1518,halal,триацетин,glyceryl triacetate triacetin,
,haram,глицин и его натриевая соль,glycine & its sodium salt,
E640,mushbooh,глицин и его натриевые соли,glycine and its sodium salt,
E175,halal,золото,gold,
,halal,мука грубого помола,graham flour,
,halal,виноград,grape,
,haram,экстракт виноградных косточек,grape seed extract,
,haram,масло виноградных косточек,grape seed oil,
,haram,порошок виноградной кожицы,grape skin powder,
,halal,зеленый с/кислотный бриллиантовый зеленый bs,green s / acid brilliant green bs,
E142,halal,зеленый,green s/acid brilliant green bs,
E626,halal,гуаниловая кислота,guanylic acid,
E412,halal,гуаровая камедь,guar gum,
,halal,камедь акации (гуммиарабик),gum acacia (gum arabic),
,halal,камедь бензойная,gum benzoic,
,haram,ветчина,ham,
,haram,крепкий сидр,hard cider,
,halal,фундук,hazelnuts,
E939,halal,гелий,helium,
E239,halal,гексаметилентетрамин,hexamine,
,halal,кукурузный сироп с высоким содержанием фруктозы,high fructose corn syrup,
,halal,мед,honey,
,halal,хмель,hops,
,halal,хрен,horseradish,
E507,halal,соляная кислота,hydrochloric acid,
E949,halal,водород,hydrogen,
,halal,гидрогенизированные гидролизаты крахмала,hydrogenated starch hydrolysates,
,halal,гидрогенизированное растительное масло,hydrogenated vegetable oil,
,halal,гидролизованный растительный белок,hydrolyzed vegetable protein,
,haram,гидроксипропилдикрахмал глицерин,hydroxy propyl distarch glycerine,
E1442,halal,гидроксипропил дикрахмалфосфат,hydroxy propyl distarch phosphate,
,haram,гидроксипропилкрахмал глицерин,hydroxy propyl starch glycerol,
,haram,гидроксилированный лецитин,hydroxylated lecithin,
E463,halal,гидроксипропилцеллюлоза,hydroxypropyl cellulose,
,halal,гидроксипропилдикрахмалфосфат,hydroxypropyl distarch phosphate,
E464,halal,гидроксипропилметилцеллюлоза,hydroxypropyl methylcellulose,
,halal,гидроксипропиловый крахмал,hydroxypropyl starch,
,halal,индантреновый синий rs,indanthrene blue rs,
,halal,индигокармин/идиготин,indigo carmine / idigotine,
E630,mushbooh,инозиновая кислота,inosinic acid,
,haram,инозито 5 монофосфат,inosito 5 monophosphate,
,halal,инулин,inulin,
,halal,инвертный сахар,invert sugar,
E1103,halal,инвертаза,invertase,
,halal,железо,iron,
E172,halal,оксиды и гидроксиды железа,iron oxides and iron hydroxides,
E943B,halal,изобутан,isobutane,
E953,halal,изомальтит,isomalt,
,halal,изопропанальный спирт,isoproponal alcohol,
,halal,изопропиловый спирт,isopropyl alcohol,
,halal,каолин (силикат алюминия),kaolin (aluminium silicate),
E416,halal,карайи камедь,karaya gum,
,halal,водоросли,kelp,
E425,halal,коньяк смола,konjac,
,halal,конжаковая камедь,konjac gum,
,halal,l-аскорбиновая кислота (витамин с),l-ascorbic acid (vitamin c),
E920,mushbooh,l-цистеин,l-cysteine hydrochloride,
,haram,l-цистин,l-cystine,
,halal,l-глутаминовая кислота,l-glutamic acid,
E270,halal,молочная кислота,lactic acid,
,halal,лактитол,lactitol,
,haram,лактоглицериды,lactoglycerides,
,mushbooh,лактоза,lactose,
E478,mushbooh,эфиры лактилированных жирных кислот глицерина и пропиленгликоля,lactylated fatty acid esters of glycerol and propane-1,
,haram,сложные эфиры лактилированных жирных кислот глицерина и пропан-12-диола,"lactylated fatty acid esters of glycerol and propane-1,2-diol",
E913,halal,ланолин,lanolin,
,halal,ланолиновый спирт,lanolin alcohol,
,haram,сало,lard,
E322,halal,лецитин,lecithin,
,halal,корень солодки,licorice root,
E410,halal,камедь рожкового дерева,locust bean gum (carob gum),
E161B,halal,лютеин,lutein,
E160D,halal,ликопин,lycopene,
,halal,микробные ферменты липаза,lypase microbial enzymes,
,halal,лизоцим,lysozyme,
E1105,halal,фермент лизоцим,lysozyme enzyme,
,halal,булава,mace,
E504,halal,карбонат магния,magnesium carbonate,
E511,halal,хлорид магния,magnesium chloride,
E625,halal,диглутамат магния,magnesium diglutamate,
E528,halal,гидроксид магния,magnesium hydroxide,
,halal,лактат магния,magnesium lactate,
E530,halal,оксид магния,magnesium oxide,
E343,halal,фосфаты магния,magnesium phosphates,
,haram,магниевые соли жирных кислот,magnesium salts of fatty acids,
,halal,силикат магния,magnesium silicate,
,halal,силикат магния/трисиликат магния (тальк),magnesium silicate / magnesium trisilicate (talc),
E553,halal,силикат магния/тальк,magnesium silicate/ magnesium trisilicate (talc),
E572,mushbooh,стеарат магния,magnesium stearate,
E518,halal,сульфат магния,magnesium sulphate,
E296,halal,яблочная кислота,malic acid,
,halal,солод,malt,
,halal,мальтитол,maltitol,
,halal,мальтитовый сироп,maltitol syrup,
,halal,мальтодекстрин,maltodextrin,
E636,halal,мальтол,maltol,
,halal,мальтоза,maltose,
E421,halal,маннит,mannitol,
,halal,кленовый сахар,maple sugar,
,halal,кленовый сироп,maple syrup,
,haram,маргарин,margarine,
,halal,майоран,marjoram,
,haram,зефир,marshmallow,
,haram,метавиновая кислота,metataric acid,
E353,halal,мета-винная кислота,metatartaric acid,
,halal,метил 4- гидроксибензоат,methyl 4- hydroxybenzoate,
Е218,halal,пара-гидроксибензойной кислоты метиловый эфир,methyl 4-hydroxybenzoate,
E461,halal,метилцеллюлоза,methyl cellulose,
,halal,микробные ферменты,microbial enzymes,
,halal,микрокристаллическая/порошковая целлюлоза,microcrystalline / powdered cellulose,
E460,halal,микрокристаллическая целлюлоза целлюлоза в порошке,microcrystalline cellulose/powdered cellulose,
,halal,сухое молоко,milk solids,
,halal,минеральные углеводороды,mineral hydrocarbons,
,halal,минеральное масло,mineral oil,
,haram,смешанные эфиры уксусной и винной кислот моно и дигли,mixed acetic & tartaric acid esters of mono & digl,
,halal,модифицированный пищевой крахмал,modified food starch,
,halal,модифицированный крахмал,modified starch,
,halal,патока,molasses,
E472E,mushbooh,эфиры глицерина диацетилвинной и жирных кислот,mono- and diacetyl tartaric acid esters of mono- and diglycerides of fatty acids,
E471,mushbooh,моно- и диглицериды жирных кислот,mono- and diglycerides of fatty acids,
E624,halal,глутамат аммония однозамещенный,monoammonium glutamate,
,halal,монокальцийфосфат,monocalcium phosphate,
,haram,моноглицериды и диглицериды,monoglycerides and diglycerides,
,halal,мономагнийфосфат,monomagnesium phosphate,
E622,halal,глутамат калия однозамещенный,monopotassium glutamate,
E621,halal,глютамат натрия,monosodium glutamate,
,halal,глутамат натрия (мсг),monosodium glutamate (msg),
,halal,монокрахмалфосфат,monostarch phosphate,
E912,halal,эфиры монтаниновой кислоты,montanic acid esters,
,halal,горчица,mustard,
,halal,горчичное масло,mustard oil,
,halal,горчичное семя,mustard seed,
Е235,halal,натамицин,natamycin,
,halal,натуральные экстракты богатые токоферолами,natural extracts rich in tocopherols,
,mushbooh,ароматизаторы,natural flavors,"Натуральные ароматизаторы: статус зависит от источника и состава.Растительные – обычно halal, с алкоголем – mushbooh/haram, животного происхождения – haram. Требует уточнения у производителя."
,halal,натуральный ароматизатор дыма ,natural hickory smoke flavor,
,halal,неогесперидин дигидрохалкон,neohesperidine dihydrochalcone,
,haram,ниацин,niacin,
E375,halal,никотиновая кислота,nicotinic acid,
Е234,halal,низин,nisin,
E941,halal,азот,nitrogen,
E942,halal,закись азота,nitrous oxide,
,halal,обезжиренное сухое молоко,nonfat dry milk,
,haram,норбиксин,norbixin,
,haram,нуклеотиды,nucleotides,
,halal,мускатный орех,nutmeg,
,halal,овсяная мука,oat flour,
,halal,овсянка,oatmeal,
E311,halal,октилгаллат,octyl gallate,
,halal,оливковое масло,olive oil,
,halal,оливковое масло из выжимок,olive pomace oil,
,halal,лук,onion,
,halal,оранжевый ггн,orange ggn,
Е231,halal,ортофенилфенол,orthophenyl phenol,
E338,halal,ортофосфорная кислота,orthophosphoric acid,
,halal,окисленный крахмал,oxidised starch,
E914,halal,окисленный полиэтиленовый воск,oxidized polyethylene wax,
E1404,halal,крахмал окисленный,oxidized starch,
,halal,кислород,oxygen,
,halal,пальмовое масло,palm oil,
,haram,пантотеровая кислота,pantotherric acid,
,halal,папаин,papain,
,halal,паприка,paprika,
E905,halal,парафины,paraffins,
,halal,петрушка,parsley,
,halal,частично гидрогенизированный растительный шортенинг,partially hydrogenated vegetable shortening,
,halal,патент синий,patent blue v,
,halal,арахис,peanut,
E440A,halal,пектин,pectin,
,halal,пентатрифосфат натрия,pentasodium triphosphate,
,halal,перец,peppers,
,halal,фенилэтанол,phenylethanol,
,haram,фосфат,phosphate,
E1413,halal,фосфатированный дикрахмалфосфат,phosphated distarch phosphate,
,halal,фосфаты,phosphates,
,halal,фосфорная кислота,phosphoric acid,
,halal,пигмент рубин / литол рубин бк,pigment rubine / lithol rubine bk,
E180,halal,рубиновый литол вк,pigment rubine lithol rubine bk,
,halal,обычная карамель,plain caramel,
E1200,halal,полидекстроза,polydextrose,
E475,mushbooh,эфиры полиглицеридов и жирных кислот,polyglycerol esters of fatty acids,
,haram,полиглицериновые эфиры поликонденсированных эфиров касторового масла,polyglycerol esters of polycondensed esters of caster oil,
E476,mushbooh,полиглицерин полирицинолеаты,polyglycerol polyricinoleate,
,haram,полиоксиэтан (20),polyoxyethane (20),
,halal,полиоксиэтан (20) сорбитан/полисорбат 20,polyoxyethane (20) sorbitan / polysorbate 20,
,halal,полиоксиэтан (20) сорбитанмонопальмитат/полисорбат 40,polyoxyethane (20) sorbitan monopalmitate / polysorbate 40,
,haram,полиоксиэтан (20) моностеарат сорбитана/полисорбат 60,polyoxyethane (20) sorbitan monostearate / polysorbate 60,
,haram,полиоксиэтан (20) тристеарат сорбитана/полисорбат 65,polyoxyethane (20) sorbitan tristearate / polysorbate 65,
,haram,полиоксиэтан (40) стеарат,polyoxyethane (40) stearate,
,haram,полиоксиэтан (8) стеарат,polyoxyethane (8) stearate,
E432,halal,полиоксиэтиленсорбитан (20) монолаурат/полисорбат 20,polyoxyethene (20) sorbitan monolaurate (polysorbate 20),
E433,halal,полиоксиэтиленсорбитан (20) моноолеат/полисорбат 80,polyoxyethene (20) sorbitan monooleate (polysorbate 80),
E434,halal,полиоксиэтиленсорбитан (20) монопальмитат/полисорбат 40,polyoxyethene (20) sorbitan monopalmitate (polysorbate 40),
E435,halal,полиоксиэтилен сорбитан (20) моностеарат/полисорбат 60,polyoxyethene (20) sorbitan monostearate (polysorbate 60),
E436,halal,полиоксиэтиленсорбитан (20) тристеарат/полисорбат 65,polyoxyethene (20) sorbitan tristearate (polysorbate 65),
E431,halal,полиоксиэтилен (40) стеарат,polyoxyethene (40) stearate,
E430,halal,полиоксиэтилена (8) стеарат,polyoxyethene (8) stearate,
,haram,моностеарат полиокситиленсорбитана,polyoxythylene sorbitan monostearate,
E452,halal,полифосфаты,polyphosphates,
,haram,полисорбат 60,polysorbate 60,
,haram,полисорбат 65,polysorbate 65,
,haram,полисорбат 80,polysorbate 80,
,halal,поливиниловый спирт,polyvinyl alcohol,
,halal,поливинилполипирролидон,polyvinylpolypyrrolidone,
E1201,halal,поливинилпирролидон,polyvinylpyrrolidone,
,halal,понсо 4р / кошениль красный а,ponceau 4r / cochineal red a,
E124,halal,пунцовый 4r,ponceau 4r/cochineal red a,
,halal,понсо 6р,ponceau 6r,
,halal,понсо sx,ponceau sx,
,haram,свинина,pork,
E261,halal,ацетат калия,potassium acetate,
E357,halal,адипат калия,potassium adipate,
E402,halal,альгинат калия,potassium alginate,
E555,halal,алюмосиликат калия,potassium aluminium silicate,
,halal,аскорбат калия,potassium ascorbate,
Е212,halal,бензоат калия,potassium benzoate,
,halal,бикарбонат калия,potassium bicarbonate,
E924,halal,бромат калия,potassium bromate,
E501,halal,карбонат калия,potassium carbonate/potassium,
E508,halal,хлорид калия,potassium chloride,
E332,halal,цитраты калия,potassium citrates,
E536,halal,ферроцианид калия,potassium ferrocyanide,
,halal,стеарилфумарат калия,potassium fumarate,
E577,halal,глюконат калия,potassium gluconate,
Е228,halal,гидросульфит калия,potassium hydrogen sulphite,
E525,halal,гидроксид калия,potassium hydroxide,
E326,halal,лактат калия,potassium lactate,
E351,halal,малат калия,potassium malate,
Е224,halal,пиросульфит калия,potassium metabisulphite,
E252,halal,нитрат калия,potassium nitrate,
,haram,нитрат калия (селитра),potassium nitrate(saltpetre),
E249,halal,нитрит калия,potassium nitrite,
,halal,персульфат калия,potassium persulphate,
E340,halal,фосфаты калия,potassium phosphates,
E283,halal,пропионат калия,potassium propionate,
E337,halal,тартраты калия-натрия,potassium sodium tartrate,
Е202,halal,сорбат калия,potassium sorbate,
E515,halal,сульфат калия,potassium sulphate,
Е225,halal,сульфит калия,potassium sulphite,
,haram,тартраты калия (винный камень),potassium tartrates (cream of tartar),
E336,halal,тартраты калия,potassium tartrates (cream of),
,halal,картофель,potato,
,halal,картофельный крахмал,potato starch,
,halal,прежелатинизированный крахмал,pregelatinized starch,
,halal,обработанные водоросли эвхеума,processed eucheuma seaweed,
E944,halal,пропан,propane,
E405,halal,альгинат пропиленгликоля,propane-12-diol alginate,
E477,mushbooh,эфиры пропиленгликоля и жирных кислот PGMS,propane-12-diol esters of fatty acids propylene glycol esters of fatty acids,
E280,halal,пропионовая кислота,propionic acid,
,halal,пропил 4- гидроксибензоат,propyl 4- hydroxybenzoate,
Е216,halal,пара-оксибензойной кислоты пропиловый эфир,propyl 4-hydroxybenzoate,
E310,halal,пропилгаллат,propyl gallate,
E1520,halal,пропиленгликоль,propylene glycol,
,haram,моностеарат пропиленгликоля,propylene glycol monostearate,
,haram,протеаза,protease,
,halal,фермент протеаза,protease enzyme,
,halal,псиллиум,psyllium,
,halal,натуральные ванильные стручки,natural vanilla beans,
,haram,пиридоксин,pyridoxine,
E999,haram,экстракт квиллайи,quillaia extract,
E104,halal,желтый хинолиновый,quinoline yellow,
,haram,радужные брызги,rainbow sprinkles,
,halal,изюм,raisin,
,halal,рапс,rapeseed,
,halal,красный 2г,red 2g,
,halal,порошок красного перца,red pepper powder,
,halal,рафинированная мука,refined flour,
E907,halal,поли-1-децен гидрогенизированный,refined microcrystalline wax,
,mushbooh,сычужный фермент,rennet,
,mushbooh,сычужный казеин,rennet casein,
,halal,сычужные микробные ферменты,rennet microbial enzymes,
,haram,ретинол,retinol,
E161F,halal,родоксантин,rhodoxanthin,
,haram,рибофлавин,riboflavin,
E101,halal,рибофлавин (витамин b2),riboflavin (vitamin b2),
,halal,рибофлавин-5'-фосфат,riboflavin-5'-phosphate,
E106,halal,рибофлавин-5'-фосфат натрия натриевая соль витамина в2,riboflavin-5-phospate sodium salt vitamin b2 phospate sodium,
,halal,рибофлавин-5-фосфат натрия,riboflavin-5-sodium phosphate,
,halal,рис,rice,
,halal,воск из рисовых отрубей,rice bran wax,
,haram,экстракт розмарина,rosemary extract,
E161D,halal,рубиксантин,rubixanthin,
,haram,ром,rum,
,halal,рожь,rye,
E954,halal,сахарин,saccharin,
,halal,сафлор,safflower,
,halal,шафран,saffron,
,halal,шалфей,sage,
,halal,соль,salt,
,halal,пикантный,savory,
,halal,морская соль,sea salt,
,halal,манная крупа,semolina,
,halal,кунжут,sesame,
,halal,шалот,shallot,
E904,mushbooh,шеллак,shellac,
,haram,хересное вино,sherry wine,
E551,halal,диоксид кремния,silicon dioxide (silica salt),
E174,halal,серебро,silver,
,halal,обезжиренная корова,skimmed cow,
,haram,5-инозинат натрия,sodium 5-inosinate,
E262,halal,ацетат натрия,sodium acetates,
,halal,пирофосфат натрия кислоты,sodium acid pyrophosphate,
E356,halal,адипат натрия,sodium adipate,
E401,halal,альгинат натрия,sodium alginate,
E541,halal,алюмофосфат натрия,sodium aluminium phosphate,
E554,halal,алюмосиликат натрия,sodium aluminium silicate,
,halal,фосфат алюминия-натрия,sodium aluminum phosphate,
"E450 A,B,C",halal,фосфаты и полифосфаты натрия и калия,sodium and potassium phosphates and polyphosphates,
E301,halal,аскорбат натрия,sodium ascorbate,
Е211,halal,бензоат натрия,sodium benzoate,
,halal,бикарбонат натрия,sodium bicarbonate,
,halal,дифенил-2-ил оксид натрия,sodium biphenyl-2-yl oxide,
,halal,карбонат натрия / бикарбонат натрия,sodium carbonate / sodium bicarbonate,
E500,halal,карбонат натрия,sodium carbonate/sodium,
,halal,цитрат натрия,sodium citrate,
E331,halal,цитраты натрия,sodium citrates,
,halal,дигидроцитрат натрия,sodium dihydrogen citrate,
E316,halal,эриторбат натрия,sodium erythorbate,
,halal,эриторбин натрия,sodium erythorbin,
Е215,halal,пара-гидроксибензойной кислоты этилового эфира натриевая соль,sodium ethyl 4-hydroxybenzoate,
E535,halal,ферроцианид натрия,sodium ferrocyanide,
,halal,формиат натрия,sodium formate,
,halal,стеарилфумарат натрия,sodium fumarate,
E576,halal,глюконат натрия,sodium gluconate,
E627,halal,гуанилат натрия,sodium guanylate,
Е222,halal,гидросульфит натрия,sodium hydrogen sulphite,
E524,halal,гидроксид натрия,sodium hydroxide,
E325,halal,лактат натрия,sodium lactate,
,haram,лаурилсульфат натрия,sodium lauryl sulfate,
E350,halal,малат натрия,sodium malate,
,halal,метабисульфат натрия,sodium metabisulfate,
Е223,halal,пиросульфит натрия,sodium metabisulphite,
Е219,halal,пара-гидроксибензойной кислоты метилового эфира натриевая соль,sodium methyl4- hydroxybenzoate,
E251,halal,нитрат натрия,sodium nitrate,
E250,halal,нитрит натрия,sodium nitrite,
Е232,halal,ортофенилфенол натрия,sodium orthophenyl phenol,
E339,halal,фосфаты натрия,sodium phosphates,
,halal,полифосфаты натрия,sodium polyphosphates,
E470,mushbooh,жирных кислотсоли калия кальция натрия,sodium potassium and calcium salts of fatty acids,
E281,halal,пропионат натрия,sodium propionate,
Е217,halal,пара-оксибензойной кислоты пропилового эфира натриевая соль,sodium propyl 4-hydroxybenzoate,
,halal,натриевая соль,sodium salt,
E550,halal,силикат натрия,sodium silicate,
Е201,halal,сорбат натрия,sodium sorbate,
,haram,стеароиллактилат натрия,sodium stearoyl lactylate,
E481,mushbooh,стеароил-2-лактилат натрия,sodium stearoyl-2-lactylate,
E514,halal,сульфат натрия,sodium sulphate,
Е221,halal,сульфит натрия,sodium sulphite,
E335,halal,тартраты натрия,sodium tartrates,
,halal,тетраборат натрия,sodium tetraborate,
E285,halal,тетраборат натрия (боракс),sodium tetraborate borax,
,haram,натриевые калиевые и кальциевые соли жирных кислот,"sodium, potassium and calcium salts of fatty acids",
,halal,натрия-1-аскорбат,sodium-l-ascorbate,
,haram,натрий5-рибонуклеотид,sodium5-ribonucleotide,
,haram,умягчитель,softener,
Е200,halal,сорбиновая кислота,sorbic acid,
,mushbooh,сорбитан,sorbitan,"Сорбитан — это ""полуфабрикат"" из растительного сырья, но его производные (E491-E495) могут быть проблемными из-за жирных кислот неизвестного происхождения."
,mushbooh,сорбитан моноолеат,sorbitan mono-oleate,"Сорбитан — это ""полуфабрикат"" из растительного сырья, но его производные (E491-E495) могут быть проблемными из-за жирных кислот неизвестного происхождения."
E493,mushbooh,сорбитан монолаурат,sorbitan monolaurate,"Сорбитан — это ""полуфабрикат"" из растительного сырья, но его производные (E491-E495) могут быть проблемными из-за жирных кислот неизвестного происхождения."
E494,mushbooh,сорбитан моноолеат,sorbitan monooleate,"Сорбитан — это ""полуфабрикат"" из растительного сырья, но его производные (E491-E495) могут быть проблемными из-за жирных кислот неизвестного происхождения."
E495,mushbooh,сорбитан монопальмитат,sorbitan monopalmitate,"Сорбитан — это ""полуфабрикат"" из растительного сырья, но его производные (E491-E495) могут быть проблемными из-за жирных кислот неизвестного происхождения."
E491,mushbooh,сорбитан моностеарат,sorbitan monostearate,"Сорбитан — это ""полуфабрикат"" из растительного сырья, но его производные (E491-E495) могут быть проблемными из-за жирных кислот неизвестного происхождения."
E492,mushbooh,сорбитан тристеарат,sorbitan tristearate,"Сорбитан — это ""полуфабрикат"" из растительного сырья, но его производные (E491-E495) могут быть проблемными из-за жирных кислот неизвестного происхождения."
E420,halal,сорбит,sorbitol,
,halal,сироп сорбита,sorbitol syrup,
,haram,модифицированный лецитин экстрагированный совентом,sovent extracted modified lecithin,
,haram,концентрат соевого белка,soy protein concentrate,
,halal,изолят соевого белка,soy protein isolate,
,halal,соевый соус,soy sauce,
,halal,соевая мука,soya flour,
,halal,соевый лецитин,soya lecithin,
,halal,соевое масло,soya oil,
,halal,соевая гемицеллюлоза,soyabean hemicellulose,
,halal,соевые бобы,soybean,
,halal,специи,spices,
E512,halal,хлорид олова,stannous chloride,
,halal,крахмал,starch,
E1450,halal,эфир крахмала и натриевой соли октенилянтарной кислоты,starch sodium octenyl succinate,
E570,mushbooh,стеариновая кислота,stearic acid,
E483,mushbooh,стеарилтартрат,stearyl tartrate,
,haram,стевия,stevia,
E363,halal,янтарная кислота,succinic acid,
E965,halal,мальтит,sucralose,
E474,mushbooh,сахароглицериды,sucroglycerides,
E444,halal,сахарозы ацетат изобутират,sucrose acetate isobutyrate,
E473,mushbooh,эфиры сахарозы и жирных кислот,sucrose esters of fatty acids,
,halal,сахар,sugar,
,halal,сульфитно-аммиачная карамель,sulphite ammonia caramel,
Е220,halal,диоксид серы,sulphur dioxide,
E513,halal,серная кислота,sulphuric acid,
,halal,подсолнечник,sunflower,
E110,halal,"желтый ""солнечный закат""",sunset yellow fcf (orange yellow s),
,halal,желтый закат fcf / оранжево-желтый s,sunset yellow fcf / orange yellow s,
,haram,сурими,surimi,
,haram,суши,sushi,
,halal,синтетический дельта-токоферол,synthetic delta- tocopherol,
,halal,танин,tannin,
,halal,тапиоковый крахмал,tapioca starch,
E417,halal,тары камедь,tara gum,
E334,halal,винная кислота,tartaric acid,
,haram,глицериновые эфиры винной кислоты,tartaric acid glycerol esters,
E102,halal,тартразин,tartrazine,
,haram,таурин,taurine,
,haram,терияки,teriyaki,
Е319,halal,третичный бутилгидрохинон,tert-butylhydroquinone,
,halal,трет-бутилгидроксихинон,tert-butylhydroxyquinone,
,halal,пирофосфат тетракалия,tetrapotassium pyrophosphate,
,halal,текстурированный растительный белок,textured vegetable protein,
E967,halal,тауматин,thaumatin,
,haram,термически окисленное соевое масло взаимодействующее с м,thermally oxidized soya bean oil interacted with m,
E479B,mushbooh,термически окисленное соевое и бобовое масло с моно- и диглицеридами жирных кислот,thermally oxidized soya bean oil interacted with mono- and diglycerides of fatty acids,
Е233,halal,тиабендазол,thiabendazole,
,haram,тиамин,thiamine,
,haram,тиамина мононитрат,thiamine mononitrate,
E1410,halal,загуститель стабилизатор,thickener stabilizer,
E171,halal,диоксид титана,titanium dioxide,
,haram,токоферол,tocopherol,
,haram,токоферол или витамин е,tocopherol or vitamin e,
,halal,тофу,tofu,
,halal,томатный порошок,tomato powder,
E413,halal,трагакант,tragacanth,
E380,halal,цитрат аммония,triammonium citrate,
,halal,трикальций диортофосфат,tricalcium diorthophosphate,
,halal,трикальций фосфат,tricalcium phosphate,
,halal,триэтанолмаин,triethanolmaine,
E1505,halal,триэтилцитрат,triethyl citrate,
E451,halal,трифосфаты,triphosphates,
,halal,ортофосфат трикалия,tripotassium orthophosphate,
,halal,тринатрий цитрат,trisodium citrate,
,halal,тринатрий гидроортофосфат,trisodium hydrogen orthophosphate,
,haram,куркума,turmeric,
,haram,экстракт куркумы,turmeric extract,
,haram,турола дрожжи,turola yeast,
,haram,ванильный порошок,vanilla bean powder,
,haram,стручки ванили,vanilla bean specks,
,haram,стручки ванили или стручки ванили,vanilla beans or vanilla beans speck,
,haram,экстракт ванили,vanilla extract,
,halal,ванилин,vanillin,
E472,mushbooh,различные эфиры моно- и диглицеридов жирных кислот,various esters of mono- and diglycerides of fatty acids,
,halal,растительные масла,vegetable oils,
,halal,уксус,vinegar,
E161E,halal,виолоксантин,violaxanthin,
,halal,жизненно важный пшеничный глютен,vital wheat gluten,
,halal,водное мыло,water soap,
,halal,пшеница,wheat,
,halal,пшеничная мука,wheat flour,
,mushbooh,сыворотка,whey,
,mushbooh,концентрат сывороточного белка,whey protein concentrate,
,haram,вино,wine,
,haram,винный уксус,wine vinagar,
,haram,вустерширский соус,worcestershire sauce,
E415,halal,ксантановая камедь,xanthan gum,
E967,halal,ксилит,xylitol,
,haram,дрожжевой экстракт из пивных дрожжей,yeast extract from brewer yeast,
,halal,зеаксантин,zeaxanthin,
,halal,зейн,zein,
E650,halal,ацетат цинка,zinc acetate,